{
  "train_r2": -0.009253506696205616,
  "train_mse": 0.00023021933646012965,
  "train_mae": 0.010856477408195855,
  "test_r2": 0.010857439095951382,
  "test_mse": 0.00019988116275834755,
  "test_mae": 0.009127306258088287
}