{
  "train_r2": 0.1605366992525955,
  "train_mse": 0.00019148874172688005,
  "train_mae": 0.009879319450233072,
  "test_r2": 0.07597882107905973,
  "test_mse": 0.00018672174765915552,
  "test_mae": 0.009004218109479361
}